지점명,주소,위도,경도
역삼아레나빌딩,서울 강남구 역삼동 721-13,37.501087,127.043069
논현역사거리,서울 강남구 논현동 142-2,37.510178,127.022223
신사역성일빌딩,서울 강남구 논현동 18-4,37.5139309,127.0206057
국기원사거리,서울 강남구 역삼동 648-23,37.499517,127.031495
대치재경빌딩,서울 강남구 대치동 598-3,37.494668,127.062583
봉은사역,서울 강남구 삼성동 108-6,37.515,127.063196
압구정윤성빌딩,서울 강남구 신사동 592,37.5227934,127.0286009
코엑스별마당,서울 강남구 삼성동 159-9,37.51015,127.060275
삼성역섬유센터R,서울 강남구 대치동 944-31,37.50775,127.060651
압구정R,서울 강남구 신사동 621-1,37.5273669,127.033061
수서역R,서울 강남구 수서동 715,37.488008,127.10265
양재강남빌딩R,서울 강남구 도곡동 956,37.485192,127.036685
선릉동신빌딩R,서울 강남구 삼성동 141-28,37.505321,127.050409
봉은사로선정릉,서울 강남구 삼성동 114-9,37.51131683405367,127.04846338902249
강남오거리,서울 강남구 역삼동 813-17,37.502117,127.026672
스타필드코엑스몰R,서울 강남구 삼성동 159-9,37.50999,127.061455
강남구청정문,서울 강남구 청담동 77-76,37.518181,127.045995
도곡공원,서울 강남구 역삼동 788-10,37.492805,127.041309
강남R,서울 강남구 역삼동 825,37.497711,127.028439
대치은마사거리,서울 강남구 대치동 941-19,37.498973,127.060172
청담영동대로,서울 강남구 청담동 132-1,37.522156,127.056449
압구정,서울 강남구 신사동 609,37.526283,127.02956
신사가로수,서울 강남구 신사동 533-11,37.521933,127.022521
청담스타R,서울 강남구 청담동 89-4,37.525216,127.041827
강남우성,서울 강남구 역삼동 832-3,37.492396,127.03091
학동사거리,서울 강남구 논현동 93-2,37.52236449999999,127.03795430000002
대치사거리,서울 강남구 대치동 960-5,37.503331,127.058817
포스코사거리,서울 강남구 삼성동 157-36,37.5075307,127.05742710000004
을지병원사거리,서울 강남구 논현동 59-8,37.5191632,127.0286446
신사역,서울 강남구 논현동 1-3,37.5162021,127.0207428
도곡역,서울 강남구 대치동 651,37.492167,127.057398
서울세관사거리,서울 강남구 논현동 238-5,37.514887,127.035653
청담사거리,서울 강남구 청담동 6-4,37.5236351,127.04686509999999
한티역,서울 강남구 대치동 1024,37.496801,127.055055
역삼초교사거리,서울 강남구 역삼동 830-69,37.4941059,127.03299730000003
코엑스몰,서울 강남구 삼성동 159,37.513715,127.059245
가로수길,서울 강남구 신사동 529-10,37.5231593,127.02162499999997
역삼대로,서울 강남구 역삼동 804,37.501623,127.039375
역삼포스코,서울 강남구 역삼동 804,37.499721,127.033582
강남대로,서울 강남구 역삼동 809-10,37.50314,127.025546
청담,서울 강남구 청담동 52-1,37.5243631,127.05155990000003
삼성도심공항,서울 강남구 삼성동 154-10,37.5097863,127.05791339999996
삼성교,서울 강남구 대치동 1001-8,37.507794,127.06517
학동역,서울 강남구 논현동 87,37.51464884,127.0307302
대치,서울 강남구 대치동 988-17,37.49966175,127.0622171
신세계푸드마켓도곡,서울 강남구 도곡동 467-17,37.490298,127.054895
삼성,서울 강남구 삼성동 144-25,37.50689645929321,127.05571872453659
선릉세화빌딩,서울 강남구 대치동 889-70,37.50377562,127.051196
압구정역,서울 강남구 신사동 580-2,37.52674095,127.0281105
압구정로,서울 강남구 신사동 635-13,37.52680046,127.0347174
구역삼사거리,서울 강남구 역삼동 747-21,37.49592355,127.0388645
큰길타워,서울 강남구 역삼동 677-25,37.50236693,127.0407
강남구청역,서울 강남구 논현동 241-7,37.5165849,127.04124330000002
대치역,서울 강남구 대치동 507,37.493554,127.061874
포이,서울 강남구 개포동 1229-1,37.47781106,127.0451411
아크플레이스,서울 강남구 역삼동 736-1,37.49971982,127.0349084
학여울역,서울 강남구 대치동 994-10,37.49803646,127.0684943
선정릉역,서울 강남구 삼성동 37-17,37.51075489999999,127.04455970000004
삼성현대힐,서울 강남구 삼성동 51,37.51350444312708,127.05273753314826
GS타워,서울 강남구 역삼동 679,37.5018592,127.03727759999992
압구정미소,서울 강남구 신사동 583-3,37.523912710310015,127.02807214378778
선릉역,서울 강남구 역삼동 708-6,37.50393894,127.0485135
코엑스사거리,서울 강남구 삼성동 91-31,37.515351,127.060109
역삼럭키,서울 강남구 역삼동 798-30,37.492209,127.039389
신압구정,서울 강남구 신사동 639-7,37.528115,127.036441
아크로힐스논현,서울 강남구 역삼동 681,37.509013311862645,127.0403523996554
강남비젼타워,서울 강남구 역삼동 826-26,37.4964557,127.02968850000002
압구정로데오역,서울 강남구 청담동 84-3,37.526549,127.040437
르네상스사거리,서울 강남구 역삼동 706-1,37.502721,127.044308
포스코,서울 강남구 대치동 942-5,37.50576457783876,127.05804488086115
선릉로,서울 강남구 역삼동 697-45,37.50498118534617,127.0468080752464
논현힐탑,서울 강남구 논현동 216-5,37.51159269029387,127.03219311069766
도산가로수길,서울 강남구 논현동 5-1,37.51736229999999,127.02329570000006
대치한티,서울 강남구 대치동 922-1,37.4984818,127.052066
개포동,서울 강남구 개포동 167-9,37.4828551359882,127.0607152444621
수서역사거리,서울 강남구 수서동 724,37.4873267937748,127.103140081887
코엑스아셈타워,서울 강남구 삼성동 159,37.513019,127.059838
센터필드R,서울 강남구 역삼동 676,37.50369465391196,127.04172081609173
도산사거리,서울 강남구 논현동 70-6,37.51966,127.0341
강남세곡,서울 강남구 세곡동 551,37.467274319644,127.099929726
대치삼성,서울 강남구 대치동 993-1,37.500313,127.066961
언주역,서울 강남구 역삼동 652-2,37.50784322977337,127.03659397427455
강남역신분당역사,서울 강남구 역삼동 858,37.4970572543978,127.028180714381
삼성역,서울 강남구 대치동 996-1,37.509206962541256,127.06560851480327
테헤란로아남타워,서울 강남구 역삼동 702-10,37.50383,127.04487
강남논현,서울 강남구 논현동 164-7,37.5078978596254,127.023338614644
삼성동,서울 강남구 삼성동 168-22,37.510843366121534,127.06363342044263
청담역,서울 강남구 청담동 47-2,37.5194407323478,127.049552661542
압구정현대아파트,서울 강남구 신사동 574-4,37.52521971236768,127.0256601858147
역삼이마트,서울 강남구 역삼동 755,37.499367,127.048425
강남세곡DT,서울 강남구 세곡동 21-3,37.466993809277,127.118330806807
미아뉴타운,서울 강북구 미아동 812-2,37.618319,127.021072
강북구청사거리,서울 강북구 수유동 174-13,37.6400354,127.0273766
미아사거리역,서울 강북구 미아동 35-30,37.611809,127.0306971
수유역,서울 강북구 번동 418-17,37.6380167,127.02613500000007
미아역,서울 강북구 미아동 121-19,37.626148,127.026578
파라스파라서울,서울 강북구 우이동 346,37.664380074618,127.008566467101
발산역사거리,서울 강서구 마곡동 801-2,37.558509,126.835096
마곡역,서울 강서구 마곡동 727-697,37.559611,126.826298
우장산역,서울 강서구 내발산동 719-6,37.549510038803994,126.83606164803061
마곡사이언스타워R,서울 강서구 마곡동 796-3,37.5605261,126.833887
방화DT,서울 강서구 방화동 293-4,37.574456834773024,126.81648812379821
마곡나루역,서울 강서구 마곡동 759-3,37.56813,126.82614
마곡GMG,서울 강서구 마곡동 773-2,37.560487,126.829667
가양역,서울 강서구 등촌동 73-1,37.56164,126.853327
화곡DT,서울 강서구 화곡동 772-67,37.5350107501795,126.86318804786
양천향교역,서울 강서구 마곡동 776-11,37.566964,126.840731
화곡동,서울 강서구 화곡동 1073-10,37.540619019726435,126.83738800870792
등촌,서울 강서구 등촌동 668-9,37.5582043,126.84433919999992
염창역,서울 강서구 염창동 282-23,37.547359,126.874436
발산역,서울 강서구 등촌동 678-14,37.56033,126.839279
까치산역,서울 강서구 화곡동 343-1,37.5323235082489,126.84612332664443
발산역5번출구,서울 강서구 내발산동 647,37.5579224739977,126.84054030692
화곡역8번출구,서울 강서구 화곡동 1051-27,37.54227920628,126.839299954553
강서우장산,서울 강서구 화곡동 1170,37.54661114997271,126.83611326062484
등촌대로,서울 강서구 염창동 312,37.55101,126.86638
가양역사거리,서울 강서구 등촌동 628-9,37.56007,126.855372
내발산,서울 강서구 내발산동 668,37.55467,126.83672
마곡웰튼,서울 강서구 마곡동 759-2,37.5671428910102,126.825315150636
김포공항DT,서울 강서구 방화동 645-6,37.56627942080141,126.8060664470359
강서NC,서울 강서구 등촌동 689,37.560088,126.840534
마곡나루공원,서울 강서구 마곡동 736-3,37.567007,126.822246
송정역,서울 강서구 공항동 32-3,37.56105570786667,126.81150987871888
강서구청사거리,서울 강서구 화곡동 1111,37.5549266,126.8523133
낙성대역,서울 관악구 봉천동 1693-39,37.477946,126.961193
관악서울대입구R,서울 관악구 봉천동 856-6,37.479343,126.95278
신림DT,서울 관악구 신림동 564-12,37.480935,126.908407
서울대역,서울 관악구 봉천동 861-6,37.481599,126.9522
낙성대DT,서울 관악구 봉천동 1657-3,37.476169,126.965005
사당,서울 관악구 남현동 1060-10,37.47601,126.980997
보라매대교,서울 관악구 봉천동 729-21,37.491449,126.925432
신림,서울 관악구 신림동 1432-71,37.48609493,126.9291602
신림타임스트림,서울 관악구 신림동 1641-2,37.48385383,126.9301799
서울대입구역,서울 관악구 봉천동 869-1,37.48118,126.951324
서울대입구역8번출구,서울 관악구 봉천동 852-5,37.4812061,126.9536942
봉천역,서울 관악구 봉천동 927-5,37.4820375340064,126.942287792538
건국대,서울 광진구 화양동 5-45,37.5415592,127.0711244
어린이대공원역,서울 광진구 군자동 236,37.551946,127.076404
아차산역,서울 광진구 구의동 75-19,37.5505388,127.0898757
올림픽대교북단,서울 광진구 구의동 200-2,37.541129,127.09524
구의DT,서울 광진구 구의동 67-37,37.5451984,127.0871587
자양사거리,서울 광진구 자양동 779,37.5371158,127.0825821
군자역,서울 광진구 군자동 478-5,37.556965,127.079032
광나루,서울 광진구 광장동 329-1,37.547442,127.105934
건대스타시티,서울 광진구 자양동 227-7,37.538544,127.073009
건대입구,서울 광진구 화양동 5-47,37.5406604,127.07072249999999
구의역,서울 광진구 구의동 246-15,37.53698,127.084015
광장,서울 광진구 광장동 427-2,37.542518,127.099651
건국클래식,서울 광진구 자양동 227-342,37.538466,127.071271
건대후문,서울 광진구 화양동 111-12,37.5460180138476,127.074001181744
중곡역,서울 광진구 중곡동 30-80,37.5650109508732,127.08459679908
자양이마트,서울 광진구 자양동 227-7,37.537817,127.072597
자양역,서울 광진구 자양동 855,37.532684640479,127.067878503557
화양삼거리,서울 광진구 화양동 174,37.547726,127.071217
군자사거리,서울 광진구 중곡동 649-4,37.5575666,127.079334
금천구청역,서울 금천구 시흥동 1031,37.45588672536701,126.89568245942294
가산에스케이,서울 금천구 가산동 371-41,37.480864603,126.880972464
독산사거리,서울 금천구 독산동 159-23,37.47158263368701,126.89860551804541
금천시흥,서울 금천구 시흥동 904-22,37.44875938266414,126.90323875981919
가산디지털단지역,서울 금천구 가산동 50-3,37.48135375445197,126.88358906045958
금천독산,서울 금천구 독산동 291-1,37.46957081,126.89565779
가산디지털,서울 금천구 가산동 371-28,37.479970086,126.882507194
마리오아울렛,서울 금천구 가산동 60-20,37.47860691180926,126.88484825777417
가산브이타워,서울 금천구 가산동 371-37,37.47700409645337,126.88355058577785
가산그레이트,서울 금천구 가산동 60-5,37.47955080325422,126.88727191931528
독산역,서울 금천구 가산동 673,37.46770966619833,126.88767404102677
가산현대아울렛,서울 금천구 가산동 60-8,37.477680443,126.888840553
가산케이에스,서울 금천구 가산동 60-14,37.48089352069766,126.88515566597013
월계역,서울 노원구 월계동 951,37.6295,127.0574
월계트레이더스,서울 노원구 월계동 333-1,37.6277053,127.06149779999998
상계초교사거리,서울 노원구 상계동 372-16,37.656776,127.066442
공릉DT,서울 노원구 공릉동 597-34,37.6206884,127.0743116
노원마들역,서울 노원구 상계동 694,37.661053011256286,127.05805507506506
공릉역,서울 노원구 공릉동 379-27,37.626337,127.072252
은행사거리,서울 노원구 중계동 360-6,37.65048737,127.0759861
노원KT,서울 노원구 상계동 723,37.654562,127.063617
광운대,서울 노원구 월계동 410-1,37.6231479,127.06070090000003
중계역,서울 노원구 상계동 763-3,37.64817,127.062244
노원역,서울 노원구 상계동 712,37.654751,127.060034
월계이마트,서울 노원구 월계동 333-1,37.627155,127.062094
태릉입구역DT,서울 노원구 공릉동 653-28,37.61942,127.07932
노원상계,서울 노원구 상계동 730-4,37.651535,127.061026
창동이마트,서울 도봉구 창동 135-26,37.651645,127.046869
쌍문역,서울 도봉구 창동 703-4,37.648456,127.034783
도봉구청,서울 도봉구 도봉동 622-57,37.6695034764443,127.04603799266
쌍문도봉로,서울 도봉구 창동 650-45,37.6453516,127.0331011
도봉로DT,서울 도봉구 쌍문동 707-9,37.6611805929041,127.041630065957
방학역,서울 도봉구 방학동 707-6,37.6653125,127.0433125
창동역,서울 도봉구 창동 1-9,37.6545021055909,127.049672533607
노량진동,서울 동작구 노량진동 333,37.513068,126.946537
남성역,서울 동작구 사당동 252-15,37.4841198,126.9725739
상도역,서울 동작구 상도1동 666-5,37.5031936,126.9484581
보라매공원R,서울 동작구 신대방동 395-65,37.49226212712864,126.92334570798292
이수자이,서울 동작구 사당동 147-29,37.484414,126.980047
노량진역,서울 동작구 노량진동 62-8,37.51339,126.940879
신대방삼거리역,서울 동작구 상도동 320-21,37.499914,126.931766
중앙대,서울 동작구 흑석동 205-5,37.506933,126.958125
숭실대입구역,서울 동작구 상도동 475-5,37.4968346,126.95271230000003
숭실대,서울 동작구 상도동 501-9,37.49538073,126.9548891
사당역,서울 동작구 사당동 1031-27,37.47849216,126.9813456
서강대프라자,서울 마포구 신수동 1-1,37.551073,126.943096
상암YTN,서울 마포구 상암동 1607,37.579183,126.892315
마포용강동,서울 마포구 용강동 112-2,37.541186,126.942209
홍대입구역사거리R,서울 마포구 서교동 353-5,37.554636,126.92036
마포경찰서후문,서울 마포구 아현동 618-19,37.5508,126.953432
공덕,서울 마포구 공덕동 254-8,37.545913,126.952956
합정폴리스R,서울 마포구 서교동 490,37.5509,126.9134
홍대공항철도역,서울 마포구 동교동 166-1,37.557491,126.925146
마포염리,서울 마포구 염리동 168-9,37.543876,126.94768
서강광흥창역,서울 마포구 창전동 130,37.549377,126.931661
합정,서울 마포구 합정동 414,37.54963,126.912999
서강대흥역,서울 마포구 대흥동 110,37.548178,126.941576
서교동사거리,서울 마포구 서교동 374-20,37.553376,126.918564
상암사보이시티,서울 마포구 상암동 1703,37.58147,126.888983
신촌오거리,서울 마포구 노고산동 54-1,37.555137,126.934694
상암디지털큐브,서울 마포구 상암동 1647,37.5763132,126.8892477
상수역,서울 마포구 상수동 329-1,37.5474817,126.92321579999998
공덕오거리,서울 마포구 도화동 22,37.5424641,126.95057730000008
서강대,서울 마포구 신수동 63-14,37.5524584,126.9378262
상암MBC,서울 마포구 상암동 1603,37.581297,126.890908
홍대역,서울 마포구 동교동 159-1,37.557175,126.923654
동교,서울 마포구 동교동 205-5,37.556928,126.919819
애오개역,서울 마포구 아현동 738,37.5523207784261,126.955694482104
상암DMC,서울 마포구 상암동 1654,37.577623,126.890684
마포일진빌딩,서울 마포구 도화동 50-1,37.54043451,126.9463168
마포아크로,서울 마포구 도화동 563,37.5413348427548,126.948866602054
홍대삼거리,서울 마포구 상수동 86-22,37.55024764,126.9232823
망원역,서울 마포구 서교동 475-13,37.555829,126.910637
마포이마트,서울 마포구 신공덕동 173,37.542421,126.953341
합정메세나몰,서울 마포구 서교동 490,37.551004,126.913848
아현역대로,서울 마포구 아현동 330-5,37.557097,126.954834
디지털미디어시티역,서울 마포구 상암동 1623,37.57609,126.89897
홍대역8번출구,서울 마포구 동교동 165-1,37.556743503599,126.924166543608
합정푸르지오,서울 마포구 합정동 473,37.55109819950203,126.9123070691659
홍대동교,서울 마포구 동교동 173-14,37.5583280533329,126.926246501876
망원한강공원,서울 마포구 망원동 205-5,37.5545625,126.8956875
가재울뉴타운,서울 서대문구 남가좌동 384,37.57507214454173,126.91635993282007
남가좌사거리,서울 서대문구 남가좌동 318-13,37.577386,126.920815
신촌역,서울 서대문구 창천동 72-12,37.55625738,126.934653
연희동,서울 서대문구 연희동 188-2,37.566702,126.930475
아현역,서울 서대문구 북아현동 251-71,37.558421,126.956349
홍제역,서울 서대문구 홍제동 301-19,37.588658,126.943864
연세백양로,서울 서대문구 신촌동 134,37.562874457,126.937440049
연희DT,서울 서대문구 연희동 87-7,37.5702143,126.9339777
경기대,서울 서대문구 충정로2가 191,37.56367995,126.9646045
신촌,서울 서대문구 창천동 18-55,37.55648577,126.9371155
이대R,서울 서대문구 대현동 54-4,37.55848315,126.9459643
연세종합관,서울 서대문구 신촌동 134,37.561468543,126.941119654
이대ECC,서울 서대문구 대현동 11-1,37.561631,126.94735
연대,서울 서대문구 창천동 33-9,37.558706,126.936727
신촌아트레온,서울 서대문구 창천동 20-25,37.556487923,126.940404913
충정로역,서울 서대문구 충정로3가 470,37.56137,126.963219
연대동문,서울 서대문구 대신동 115,37.56648507,126.9463253
신촌명물거리,서울 서대문구 창천동 13-19,37.557768434,126.938154503
충정타워,서울 서대문구 충정로3가 464,37.559869,126.96411
이대역,서울 서대문구 대현동 45-8,37.5570861,126.9462802
북가좌DT,서울 서대문구 북가좌동 309-13,37.580758,126.911478
현대신촌,서울 서대문구 창천동 30-33,37.5560830579515,126.935844876509
방배로,서울 서초구 방배동 1022-3,37.4793434,126.9994968
강남교보타워R,서울 서초구 서초동 1303-22,37.5037107773698,127.024335263404
방배다이치빌딩,서울 서초구 방배동 905-34,37.484329,126.995872
센트럴F1,서울 서초구 반포동 19-3,37.505148,127.004395
서초역이화빌딩,서울 서초구 서초동 1538-8,37.487931,127.009126
서초구청,서울 서초구 서초동 1365-23,37.484353839,127.030090489
서초우성사거리,서울 서초구 서초동 1374,37.493545,127.02943
이수역사거리,서울 서초구 방배동 3001-2,37.48585,126.983027
강남대로신사,서울 서초구 잠원동 21-7,37.51489,127.019469
서울고속터미널,서울 서초구 반포동 19-4,37.504406,127.005648
방배,서울 서초구 방배동 812-2,37.491914,126.99049739999998
방배카페거리,서울 서초구 방배동 777-11,37.4934767,126.9865297
서초법원,서울 서초구 서초동 1572-19,37.49297,127.011875
청계산입구역,서울 서초구 신원동 612,37.447323,127.05625
사당로데오,서울 서초구 방배동 444-7,37.4772752,126.98216049999996
파미에파크R,서울 서초구 반포동 118-3,37.5030521,127.004362
양재역,서울 서초구 양재동 14-4,37.482379525,127.036853356
논현역,서울 서초구 잠원동 37-7,37.5114376142061,127.020548691552
이수역,서울 서초구 방배동 3000-1,37.4864664,126.98274029999993
내방역,서울 서초구 방배동 851-1,37.490004,126.992455
서초파라곤,서울 서초구 서초동 1327,37.4956303142862,127.027093111041
서울아트센터,서울 서초구 서초동 1464-30,37.480866,127.012368
서초중앙로,서울 서초구 반포동 52-6,37.501691,127.01152
센트럴시티,서울 서초구 반포동 19-3,37.504707,127.004459
강남삼성타운,서울 서초구 서초동 1327-5,37.49562035,127.0277144
방배역,서울 서초구 방배동 908-10,37.48200755,126.9976438
반포역,서울 서초구 잠원동 58-24,37.508589,127.011959
남부터미널,서울 서초구 서초동 1445-4,37.48467334,127.0169464
뉴코아강남,서울 서초구 잠원동 70-1,37.51031339,127.0069582
강남서초초교,서울 서초구 서초동 1307-19,37.5000875,127.02549090000002
교대,서울 서초구 서초동 1657-5,37.4923611,127.0142207
하이브랜드,서울 서초구 양재동 215,37.46252023465575,127.03666795290289
신논현역,서울 서초구 반포동 748-1,37.50529,127.023636
영동2교,서울 서초구 양재동 4-3,37.48203954,127.0425748
남부터미널역5번출구,서울 서초구 서초동 1457-1,37.48436736,127.0142192
서래마을입구,서울 서초구 반포동 92-1,37.49925284,126.9984801
몬테소리,서울 서초구 서초동 1318-8,37.4982695,127.026865
서초역,서울 서초구 서초동 1542-14,37.49067495,127.0086118
교대법원,서울 서초구 서초동 1699-3,37.496329,127.013336
강남GT타워,서울 서초구 서초동 1317-23,37.4979079083082,127.026162553761
서초동,서울 서초구 서초동 1439-14,37.485941,127.021525
서울교대,서울 서초구 서초동 1623-1,37.487397,127.015134
강남에비뉴,서울 서초구 서초동 1303-16,37.5025778098288,127.024105881331
반포자이,서울 서초구 반포동 20-45,37.507170475349405,127.0099189083483
반포원베일리,서울 서초구 반포동 0,37.504657083267006,126.99903302367885
강남역우송빌딩,서울 서초구 서초동 1316-28,37.4981314601413,127.02527908458
서이초교사거리,서울 서초구 서초동 1332-4,37.4918146,127.0252252
서울웨이브아트센터,서울 서초구 잠원동 149-2,37.518807,127.00704
길음역,서울 성북구 돈암동 625-2,37.602139,127.025271
미아이마트,서울 성북구 길음동 25-2,37.610678,127.029921
종암DT,서울 성북구 종암동 29-10,37.5919525,127.0360401
미아,서울 성북구 하월곡동 89-7,37.607581,127.029303
성신여대정문,서울 성북구 동선동2가 134,37.59091,127.0188
종암,서울 성북구 종암동 3-686,37.601095,127.033847
삼선교,서울 성북구 동소문동2가 11,37.588696,127.00732070000004
월곡역,서울 성북구 하월곡동 46-73,37.601718,127.040446
고대,서울 성북구 안암동5가 104-30,37.58397192,127.0297352
현대미아,서울 성북구 길음동 20-1,37.60837822,127.0287483
성신여대,서울 성북구 동선동1가 92-1,37.593135,127.018379
안암역,서울 성북구 안암동5가 1-10,37.586319,127.030556
한성대입구역,서울 성북구 성북동1가 35-1,37.589054,127.004839
고대안암병원,서울 성북구 안암동5가 126-1,37.58687889805418,127.02820333331364
장위뉴타운,서울 성북구 장위동 143-38,37.618072316295915,127.05152854027804
송파나루역DT,서울 송파구 송파동 59-9,37.510793,127.1102658
송파헬리오시티,서울 송파구 가락동 913,37.4977826892486,127.102851954992
잠실시그마타워,서울 송파구 신천동 7-19,37.514567,127.102493
문정법원로R,서울 송파구 문정동 642,37.487356272840366,127.11911981125742
송파개롱역,서울 송파구 가락동 175-29,37.496956,127.13652
문정하비오,서울 송파구 문정동 618,37.48211912934925,127.12354072397868
문정역,서울 송파구 문정동 651,37.48529649766194,127.12227677436003
잠실대교남단R,서울 송파구 신천동 7-30,37.515511,127.099006
송파위례,서울 송파구 장지동 884,37.478416,127.143161
송파방이DT,서울 송파구 방이동 226-10,37.506564,127.120495
올림픽평화의문,서울 송파구 방이동 180-8,37.5156426,127.11648190000005
송파아이파크,서울 송파구 문정동 624,37.47979344097158,127.12242043651425
송파사거리,서울 송파구 송파동 96-7,37.5022788,127.1103904
석촌서호,서울 송파구 삼전동 130-2,37.5063929,127.0964684
문정로데오,서울 송파구 가락동 125-6,37.491858429761606,127.12623104068281
올림픽훼미리,서울 송파구 문정동 150-26,37.491616375205915,127.11626573028454
올림픽공원남문,서울 송파구 방이동 181,37.5133,127.123113
방이역,서울 송파구 오금동 17-8,37.5084904076542,127.126776485458
석촌호수,서울 송파구 신천동 33,37.509581,127.104993
잠실푸르지오월드,서울 송파구 신천동 11-4,37.517649,127.103426
잠실새내역,서울 송파구 잠실동 261,37.511679,127.081062
잠실역,서울 송파구 신천동 7-17,37.515272,127.099231
갤러리아팰리스,서울 송파구 잠실동 40,37.51108365,127.0938059
아시아선수촌,서울 송파구 잠실동 175,37.51059,127.079047
올림픽아파트,서울 송파구 방이동 89-12,37.515315,127.133237
가락본동,서울 송파구 가락동 97-7,37.494812392616524,127.11883481297143
석촌역,서울 송파구 석촌동 286-9,37.5042626,127.10610769999994
가락시장역,서울 송파구 가락동 79,37.49442875605291,127.1217432178345
가든파이브,서울 송파구 문정동 628,37.478280653695684,127.119331517562
문정역2번출구,서울 송파구 문정동 55-6,37.48629340180307,127.12320273731552
잠실본동,서울 송파구 잠실동 196-8,37.5086445885442,127.07949103207
송파NC,서울 송파구 문정동 634,37.47804418570353,127.12580079741947
송파거여역,서울 송파구 거여동 21-8,37.49360000716603,127.14364544756283
몽촌토성역,서울 송파구 방이동 44-3,37.516913,127.113127
송파KT,서울 송파구 신천동 29-1,37.5139991,127.1063026
문정법조타운 한양타워,서울 송파구 문정동 641-11,37.485796586165364,127.11781422446037
송파마천사거리DT,서울 송파구 마천동 43-1,37.499829,127.147672
목동파리공원,서울 양천구 목동 907-18,37.535336,126.878852
등촌역,서울 양천구 목동 602-2,37.548884,126.86807
목동행복한,서울 양천구 목동 917-6,37.52935595865839,126.87589210780988
신정DT,서울 양천구 신정동 981-15,37.521993,126.858865
목동역,서울 양천구 신정동 900-10,37.526684,126.863986
목동오목로,서울 양천구 목동 406-4,37.525923,126.868438
목동8단지,서울 양천구 신정동 319-23,37.520518,126.868841
오목교역,서울 양천구 목동 404-13,37.523855929257174,126.87644987818643
신월IC DT,서울 양천구 신월동 205-48,37.529502437956104,126.83220232277918
목동7단지,서울 양천구 목동 923,37.528012,126.87053
목동5단지,서울 양천구 목동 908-34,37.5363856363692,126.88211754815595
목동,서울 양천구 목동 907-4,37.53638383,126.8785597
현대목동,서울 양천구 목동 916,37.526848,126.875023
목동SBS,서울 양천구 목동 920,37.52896162444895,126.87363009594164
목동트라팰리스,서울 양천구 목동 962,37.5255,126.8702
목동10단지,서울 양천구 신정동 324-7,37.515425616177,126.859603067999
신월동DT,서울 양천구 신월동 52-14,37.5382923530559,126.827101409243
타임스퀘어R,서울 영등포구 영등포동4가 442,37.51755,126.90516
샛강역,서울 영등포구 여의도동 55-2,37.5183551,126.9312716
영등포역,서울 영등포구 영등포동1가 143-3,37.5169614,126.909139
당산대로,서울 영등포구 당산동6가 217-9,37.533121,126.903804
여의도IFC몰(L1)R,서울 영등포구 여의도동 23,37.525127,126.925508
여의도KBS R,서울 영등포구 여의도동 17-9,37.526596,126.918456
여의도화재보험,서울 영등포구 여의도동 35-4,37.521345,126.926004
국회대로,서울 영등포구 여의도동 14,37.53026,126.919549
영등포KT,서울 영등포구 영등포동8가 35-1,37.526419,126.905314
여의도공원R,서울 영등포구 여의도동 12,37.529231,126.924872
국회의사당역,서울 영등포구 여의도동 17-3,37.527831,126.916882
여의도역R,서울 영등포구 여의도동 23-6,37.523328,126.923439
선유동이레빌딩,서울 영등포구 양평동4가 2,37.534277678053385,126.89697631969192
동여의도,서울 영등포구 여의도동 43-4,37.52063015571123,126.93168638298106
여의도ABL타워,서울 영등포구 여의도동 45-21,37.518749,126.92779
영등포신길,서울 영등포구 신길동 252-9,37.504566,126.910073
문래역,서울 영등포구 문래동3가 55-5,37.517446,126.895258
당산,서울 영등포구 당산동6가 338-1,37.535164,126.899942
여의도한양증권,서울 영등포구 여의도동 34-11,37.522418,126.929093
여의도일신,서울 영등포구 여의도동 15-15,37.528,126.920103
신세계타임스퀘어B2,서울 영등포구 영등포동4가 434-5,37.517162,126.905608
하이테크시티,서울 영등포구 문래동3가 55-20,37.51467062,126.8986474
여의도,서울 영등포구 여의도동 23-9,37.52403519,126.9245179
롯데캐슬여의도,서울 영등포구 여의도동 36,37.52025214,126.9263678
문래동,서울 영등포구 문래동3가 77-1,37.519602,126.889652
여의도호성,서울 영등포구 여의도동 44-22,37.52047101976742,126.92920636135348
타임스퀘어B2,서울 영등포구 영등포동4가 442,37.516985,126.903387
영등포본동,서울 영등포구 영등포동3가 2-21,37.518713,126.909559
타임스퀘어2F,서울 영등포구 영등포동4가 442,37.516985,126.903387
여의도의사당,서울 영등포구 여의도동 13-19,37.530023,126.92109
여의도IFC(1F),서울 영등포구 여의도동 23,37.525273,126.924668
여의도신한투자증권타워,서울 영등포구 여의도동 23-2,37.52498,126.92414
선유도역 1번출구,서울 영등포구 양평동5가 64-1,37.538333,126.893612
영등포시장역,서울 영등포구 영등포동7가 47-3,37.523475,126.904907
영등포구청역,서울 영등포구 당산동3가 393,37.52789,126.89608
서울양평역,서울 영등포구 양평동1가 271,37.523128,126.885809
영등포시장교차로,서울 영등포구 영등포동6가 1-14,37.5204239,126.904446
더현대서울(B2)R,서울 영등포구 여의도동 22,37.5258834618679,126.928658229468
여의도브라이튼,서울 영등포구 여의도동 525,37.5241006226166,126.929817318958
여의도TP타워,서울 영등포구 여의도동 27-2,37.5215184101846,126.922836712516
당산역사거리,서울 영등포구 당산동5가 16-7,37.533984,126.901156
신풍역,서울 영등포구 신길동 424-3,37.5003469620528,126.908438384002
불광역,서울 은평구 대조동 15-9,37.609382,126.9303971
구파발사거리,서울 은평구 진관동 65,37.639617,126.91881
연신내역사거리,서울 은평구 불광동 308-1,37.618773940257306,126.92179889674078
연신내,서울 은평구 갈현동 395-5,37.620417,126.919913
구파발역,서울 은평구 진관동 102-3,37.63446,126.918881
은평구청입구,서울 은평구 응암동 96-1,37.601042,126.926789
은평이마트,서울 은평구 응암동 90-1,37.60037923,126.9202735
구산역,서울 은평구 대조동 224-17,37.611745,126.917678
불광역8번출구,서울 은평구 불광동 267,37.61199,126.9289
수색,서울 은평구 수색동 418,37.580028056228564,126.89959357216976
새절역,서울 은평구 신사동 338-4,37.5894266730207,126.912863456524
더북한산,서울 은평구 진관동 277-11,37.6554576593266,126.947556374345
녹번역,서울 은평구 녹번동 19-121,37.603307621312325,126.93528567756574
진관DT,서울 은평구 진관동 2-8,37.6501787,126.9361968
연합뉴스,서울 종로구 수송동 110,37.57462713751161,126.98047541991131
혜화역,서울 종로구 동숭동 1-31,37.5824779,127.002185
경희궁로,서울 종로구 당주동 128-27,37.571759,126.972343
강북삼성병원,서울 종로구 평동 108-1,37.568546,126.96756
종로평창동,서울 종로구 평창동 182-11,37.60614770769474,126.96736414444057
광화문우체국,서울 종로구 서린동 154-1,37.569854,126.978083
종로R,서울 종로구 종로2가 6,37.5708,126.9834
독립문역,서울 종로구 교북동 35-7,37.571432,126.961269
정부서울청사R,서울 종로구 적선동 156,37.574621312530724,126.97367761929036
종로구청,서울 종로구 수송동 156,37.572498614917706,126.98095141204924
북촌로,서울 종로구 계동 101-14,37.579419015932245,126.98648560012543
종로수송,서울 종로구 청진동 19,37.57165162614545,126.98062335393885
새문안로,서울 종로구 신문로1가 163,37.56982384802028,126.97522159101487
안국,서울 종로구 재동 109,37.577393946851736,126.98576427427058
삼청동,서울 종로구 삼청동 111-1,37.58541226323984,126.98191331140823
광화문D타워,서울 종로구 청진동 246,37.57049132960646,126.97907003783457
적선,서울 종로구 적선동 66,37.57520431,126.9739361
인사,서울 종로구 인사동 37-2,37.57220884263517,126.98679819956659
광화문,서울 종로구 세종로 185-2,37.5712293,126.9762872
성대입구,서울 종로구 명륜4가 194-1,37.582892,126.998392
스페이스본,서울 종로구 사직동 9,37.57488602790947,126.96922016718464
주얼리시티,서울 종로구 인의동 48-2,37.5714829206881,126.998666645245
종각,서울 종로구 종로2가 84-10,37.57001689280663,126.98450354974084
동숭로아트,서울 종로구 동숭동 30,37.582969,127.003876
종로관철,서울 종로구 관철동 12-15,37.56913860117361,126.98593280684017
경복궁역,서울 종로구 통의동 35-42,37.5771508,126.97274530000004
이마빌딩,서울 종로구 수송동 146-1,37.5738637,126.97897149999994
마로니에공원,서울 종로구 동숭동 1-115,37.58154296,127.0023412
종로3가,서울 종로구 종로3가 9-3,37.57056485920516,126.99021701586494
대학로,서울 종로구 연건동 128-8,37.5764916392943,127.001470988378
경복궁사거리,서울 종로구 중학동 14,37.575615939508076,126.9802374336133
종로관수,서울 종로구 관수동 3-5,37.56971102439499,126.98863522829858
광화문교보문고,서울 종로구 종로1가 1,37.571017,126.977937
정동,서울 종로구 신문로2가 89-27,37.568578,126.970067
종로플레이스,서울 종로구 인의동 28-2,37.5731377743929,126.998354975801
강북삼성병원1층,서울 종로구 평동 108-1,37.568546,126.96756
동숭길입구,서울 종로구 혜화동 90-18,37.584236,127.002014
서울대치과병원,서울 종로구 연건동 28-21,37.5774740926489,126.999891434786
서대문역,서울 종로구 평동 222,37.5667,126.96629
숭례문북창,서울 중구 남대문로4가 17-19,37.561725,126.976838
을지로4가역,서울 중구 을지로4가 267-1,37.566682,126.997285
동대문두타,서울 중구 을지로6가 18-12,37.56892512604548,127.00878383484597
대한상공회의소R,서울 중구 남대문로4가 45,37.560938,126.973702
국립중앙의료원,서울 중구 을지로6가 18-131,37.566516,127.0062376
동국대,서울 중구 충무로5가 90,37.561542,126.998437
신세계본점5F,서울 중구 충무로1가 52-5,37.560951,126.981134
동대문공원,서울 중구 광희동1가 186-4,37.565133,127.007191
을지로국제빌딩,서울 중구 다동 111,37.566952,126.982219
동대입구역,서울 중구 장충동1가 62-35,37.559593,127.006142
신당역사거리,서울 중구 흥인동 86,37.565807,127.01643
연세세브란스,서울 중구 남대문로5가 84-11,37.557207,126.97354
회현역,서울 중구 회현동1가 206,37.55947242829924,126.98072554032831
을지로경기빌딩,서울 중구 삼각동 115,37.567172,126.983156
을지로2가,서울 중구 을지로2가 205,37.566347,126.988066
신세계본점6F,서울 중구 충무로1가 54,37.560381,126.980758
서울중앙우체국,서울 중구 충무로1가 21-1,37.561678,126.982117
한국프레스센터,서울 중구 태평로1가 25,37.567381,126.977859
명동중앙로,서울 중구 명동2가 2-16,37.5637485,126.9857723
약수역,서울 중구 신당동 374-27,37.555437,127.0107253
중구저동,서울 중구 저동2가 24-1,37.5643686,126.9903382
명동길,서울 중구 충무로2가 7-1,37.5620695,126.9858669
서소문로,서울 중구 서소문동 136,37.563006,126.974546
신당역,서울 중구 흥인동 132,37.5654033985295,127.014352404697
명동메트로,서울 중구 을지로2가 199-33,37.565118,126.983681
숭례문,서울 중구 남대문로5가 6-1,37.55874473,126.9730952
순화동더샵,서울 중구 순화동 151,37.560072,126.971931
대한극장,서울 중구 필동2가 19-1,37.56105065,126.9952735
환구단,서울 중구 소공동 87-10,37.564448,126.979157
무교동,서울 중구 무교동 45,37.56781712,126.978738
문화일보,서울 중구 충정로1가 68,37.56712291,126.9686642
태평로,서울 중구 태평로2가 69-7,37.56248285,126.9767928
퍼시픽타워,서울 중구 서소문동 135,37.56132157,126.9730264
남산단암,서울 중구 남대문로5가 120,37.55853622,126.9754585
황학캐슬,서울 중구 황학동 2545,37.57124,127.022905
을지로삼화타워,서울 중구 을지로2가 204,37.566902,126.984707
소공로,서울 중구 소공동 70,37.5637273,126.98076809999998
을지로한국빌딩,서울 중구 을지로2가 198,37.565722,126.98329
시청,서울 중구 을지로1가 50,37.56629,126.979808
명동역,서울 중구 충무로1가 25-52,37.5608622201549,126.983105390255
명동입구,서울 중구 명동2가 84,37.563319,126.982242
충무로,서울 중구 필동1가 43-1,37.5614959808102,126.992823097196
이마트타워,서울 중구 순화동 53,37.5607434636967,126.972528391958
동호로,서울 중구 신당동 372-3,37.553478403261,127.011305155237
무교로,서울 중구 무교동 31,37.567399,126.9789
청계크리스탈스퀘어,서울 중구 수표동 100-1,37.5679,126.98933
숭례문SG타워,서울 중구 남대문로5가 831,37.5581293,126.9742637
세종대로,서울 중구 태평로1가 62-12,37.568678,126.976493
동대문디자인플라자,서울 중구 을지로7가 143,37.56743,127.009758
별다방,서울 중구 회현동2가 88,37.5602013,126.9829327
포포인츠명동,서울 중구 을지로2가 203-2,37.5657211,126.9893426
명동남산,서울 중구 남산동3가 13-31,37.560809,126.986397
명일역,서울 강동구 명일동 312-28,37.55258,127.143799
강동구청DT,서울 강동구 성내동 546,37.52938776679806,127.12384773690836
강동암사DT,서울 강동구 암사동 441-12,37.555054,127.130065
굽은다리역,서울 강동구 명일동 353-2,37.545403,127.143101
강동역,서울 강동구 천호동 447-17,37.536047,127.133086
둔촌동,서울 강동구 성내동 441-2,37.522724,127.133943
천호로데오,서울 강동구 천호동 453-14,37.5378069,127.12730940000006
천호이마트,서울 강동구 천호동 455-4,37.538933,127.125214
길동역,서울 강동구 길동 378-3,37.5387433,127.1399879
상일동,서울 강동구 상일동 501,37.5507989598659,127.174104292142
천호역,서울 강동구 성내동 62-4,37.53795191,127.1245793
명일이마트,서울 강동구 명일동 47-7,37.55417877236837,127.15613409848525
상일동역,서울 강동구 고덕동 210-1,37.55754181615496,127.17072672474717
천호사거리,서울 강동구 천호동 431-4,37.539702,127.123542
강일역,서울 강동구 강일동 723,37.55747468801038,127.17351070838723
올림픽공원북2문,서울 강동구 성내동 448-8,37.5241832,127.1286775
천호대로길동,서울 강동구 길동 457-4,37.534651,127.13721
신도림,서울 구로구 신도림동 413-9,37.505311902,126.883975986
구로디지털타워,서울 구로구 구로동 222-7,37.483472189,126.896856737
오류동역,서울 구로구 오류동 55-50,37.4962155,126.8448614
구로디지털로,서울 구로구 구로동 191-7,37.485699173,126.895991532
구로에이스,서울 구로구 구로동 212-1,37.484233766,126.894560454
구로하이엔드,서울 구로구 구로동 235-2,37.481618,126.893136
현대디큐브2F,서울 구로구 신도림동 692,37.509452982,126.889684147
구로호텔,서울 구로구 구로동 1128-1,37.4831293,126.89885909999998
현대디큐브B2,서울 구로구 신도림동 692,37.50924828,126.889981345
구로고척,서울 구로구 고척동 72-49,37.49706,126.86315
구로NC,서울 구로구 구로동 573,37.501219,126.882798
구로오류DT,서울 구로구 오류동 271,37.4881292318832,126.834491889841
구로구청,서울 구로구 구로동 81-3,37.49395067031256,126.88676120707717
고척아이파크,서울 구로구 고척동 351,37.49930562934076,126.8582208923581
답십리역,서울 동대문구 답십리동 497-67,37.568466,127.051106
경희대삼거리,서울 동대문구 회기동 60-40,37.591531,127.052017
외대정문,서울 동대문구 이문동 327-23,37.5953464,127.0590302
신설동역,서울 동대문구 신설동 76-10,37.5767228,127.0255446
회기역사거리,서울 동대문구 회기동 346-18,37.590784,127.056098
외대,서울 동대문구 이문동 305-60,37.59575188,127.0614002
장한평역,서울 동대문구 장안동 433-7,37.562337,127.065511
경희대,서울 동대문구 회기동 16-42,37.5928812,127.05280849999997
청량리역롯데캐슬스카이,서울 동대문구 전농동 620-47,37.579249267,127.045331071
경동1960,서울 동대문구 제기동 1019,37.5796141021494,127.038684963773
청량리역사,서울 동대문구 전농동 591-53,37.580565324,127.048564845
답십리초교사거리,서울 동대문구 답십리동 266-1,37.5682540295405,127.057240883237
장안사거리,서울 동대문구 장안동 295-6,37.5727209002351,127.070092668638
서울숲역,서울 성동구 성수동1가 656-234,37.542075,127.044961
금호역,서울 성동구 금호동4가 1483,37.5479939,127.0153343
뚝섬역,서울 성동구 성수동1가 14-33,37.546432,127.049042
황학사거리,서울 성동구 상왕십리동 188,37.567644,127.023697
성수역,서울 성동구 성수동2가 317-20,37.543193,127.056943
상왕십리역,서울 성동구 하왕십리동 1070-3,37.565169,127.027907
왕십리역,서울 성동구 도선동 58-1,37.5627541,127.0339072
한양대,서울 성동구 행당동 31-4,37.55726984,127.0421649
엔터식스,서울 성동구 행당동 168-151,37.56175811,127.0383328
신금호역,서울 성동구 금호동1가 122,37.5549672,127.0201447
왕십리역9번출구,서울 성동구 행당동 267-23,37.5605427226347,127.035267332652
성수,서울 성동구 성수동2가 315-71,37.5444620830457,127.055413311106
옥수,서울 성동구 옥수동 262-1,37.5430298,127.0133661
성수낙낙,서울 성동구 성수동2가 281-21,37.547326,127.066367
효창공원앞역,서울 용산구 효창동 287,37.539305,126.96306
서울역서부,서울 용산구 서계동 217-44,37.555165,126.968446
이태원역,서울 용산구 이태원동 127-6,37.534273,126.994789
한강진역R,서울 용산구 한남동 683-139,37.537131,127.00098
용산역써밋R,서울 용산구 한강로2가 420,37.527586,126.965401
이촌,서울 용산구 이촌동 300-20,37.518605,126.977271
신용산역,서울 용산구 한강로2가 422,37.528702,126.966757
용산파크타워,서울 용산구 용산동5가 24,37.523818,126.970389
남영동,서울 용산구 갈월동 92,37.542831,126.972242
한남동R,서울 용산구 한남동 36-7,37.53485,127.010919
서울타워,서울 용산구 용산동2가 산 1-11,37.551102,126.988317
서울역동자동,서울 용산구 동자동 45,37.551752,126.972694
순천향입구,서울 용산구 한남동 657-104,37.533394,127.00563
숙대,서울 용산구 청파동3가 111-35,37.54460479,126.9672252
동빙고,서울 용산구 동빙고동 10-8,37.5289857,126.991782
숙대입구역,서울 용산구 갈월동 69-5,37.544225782,126.971957017
용산아이파크몰,서울 용산구 한강로3가 40-999,37.5289068079414,126.964634547188
동부이촌동,서울 용산구 이촌동 302-60,37.52111,126.96905
숙명여대정문,서울 용산구 청파동3가 115,37.54474797,126.96484196
용산해링턴스퀘어,서울 용산구 한강로3가 98,37.5265379583476,126.967362090447
경리단길,서울 용산구 이태원동 658,37.53854,126.98737
서울역사,서울 중구 봉래동2가 122-11,37.55415699928705,126.97179361292847
용산리첸시아,서울 용산구 원효로1가 133-3,37.538571,126.967409
용산전자랜드,서울 용산구 한강로3가 16-9,37.53286105987034,126.96100091132485
상봉,서울 중랑구 상봉동 501,37.597842,127.092509
중랑역,서울 중랑구 상봉동 130-3,37.5930326,127.07473579999998
중랑구청,서울 중랑구 신내동 563-3,37.60538908,127.0957558
사가정역,서울 중랑구 면목동 617-2,37.579594,127.087966
상봉역,서울 중랑구 상봉동 100-2,37.59689,127.08647
묵동,서울 중랑구 묵동 169-12,37.615368,127.076633
양원역,서울 중랑구 망우동 618,37.6066536267232,127.106359790053
중화역,서울 중랑구 중화동 50-3,37.60170912407773,127.07841136432036
